filepath,error_reason
/home/noambarenholtz/summer_research/PDBbind/atoms/../PDBbind_Data/P-L/2011-2019/5ahu/5ahu_ligand.mol2,RDKit returned None
/home/noambarenholtz/summer_research/PDBbind/atoms/../PDBbind_Data/P-L/2011-2019/4rxe/4rxe_ligand.mol2,RDKit returned None
/home/noambarenholtz/summer_research/PDBbind/atoms/../PDBbind_Data/P-L/2011-2019/4qxs/4qxs_ligand.mol2,RDKit returned None
/home/noambarenholtz/summer_research/PDBbind/atoms/../PDBbind_Data/P-L/2011-2019/3ryw/3ryw_ligand.mol2,RDKit returned None
/home/noambarenholtz/summer_research/PDBbind/atoms/../PDBbind_Data/P-L/2011-2019/4y63/4y63_ligand.mol2,RDKit returned None
/home/noambarenholtz/summer_research/PDBbind/atoms/../PDBbind_Data/P-L/2011-2019/6apu/6apu_ligand.mol2,RDKit returned None
/home/noambarenholtz/summer_research/PDBbind/atoms/../PDBbind_Data/P-L/2011-2019/4bzr/4bzr_ligand.mol2,RDKit returned None
/home/noambarenholtz/summer_research/PDBbind/atoms/../PDBbind_Data/P-L/2011-2019/5kap/5kap_ligand.mol2,RDKit returned None
/home/noambarenholtz/summer_research/PDBbind/atoms/../PDBbind_Data/P-L/2011-2019/6oah/6oah_ligand.mol2,RDKit returned None
/home/noambarenholtz/summer_research/PDBbind/atoms/../PDBbind_Data/P-L/2011-2019/5jmw/5jmw_ligand.mol2,RDKit returned None
/home/noambarenholtz/summer_research/PDBbind/atoms/../PDBbind_Data/P-L/2011-2019/4xtx/4xtx_ligand.mol2,RDKit returned None
/home/noambarenholtz/summer_research/PDBbind/atoms/../PDBbind_Data/P-L/2011-2019/4dxj/4dxj_ligand.mol2,RDKit returned None
/home/noambarenholtz/summer_research/PDBbind/atoms/../PDBbind_Data/P-L/2011-2019/4xjr/4xjr_ligand.mol2,RDKit returned None
/home/noambarenholtz/summer_research/PDBbind/atoms/../PDBbind_Data/P-L/2011-2019/4inr/4inr_ligand.mol2,RDKit returned None
/home/noambarenholtz/summer_research/PDBbind/atoms/../PDBbind_Data/P-L/2011-2019/6hv5/6hv5_ligand.mol2,RDKit returned None
/home/noambarenholtz/summer_research/PDBbind/atoms/../PDBbind_Data/P-L/2011-2019/4dhp/4dhp_ligand.mol2,RDKit returned None
/home/noambarenholtz/summer_research/PDBbind/atoms/../PDBbind_Data/P-L/2011-2019/5g0q/5g0q_ligand.mol2,RDKit returned None
/home/noambarenholtz/summer_research/PDBbind/atoms/../PDBbind_Data/P-L/2011-2019/6d16/6d16_ligand.mol2,RDKit returned None
/home/noambarenholtz/summer_research/PDBbind/atoms/../PDBbind_Data/P-L/2011-2019/5aes/5aes_ligand.mol2,RDKit returned None
/home/noambarenholtz/summer_research/PDBbind/atoms/../PDBbind_Data/P-L/2011-2019/4jzb/4jzb_ligand.mol2,RDKit returned None
/home/noambarenholtz/summer_research/PDBbind/atoms/../PDBbind_Data/P-L/2011-2019/5dhr/5dhr_ligand.mol2,RDKit returned None
/home/noambarenholtz/summer_research/PDBbind/atoms/../PDBbind_Data/P-L/2011-2019/4nzm/4nzm_ligand.mol2,RDKit returned None
/home/noambarenholtz/summer_research/PDBbind/atoms/../PDBbind_Data/P-L/2011-2019/5dht/5dht_ligand.mol2,RDKit returned None
/home/noambarenholtz/summer_research/PDBbind/atoms/../PDBbind_Data/P-L/2011-2019/4dhn/4dhn_ligand.mol2,RDKit returned None
/home/noambarenholtz/summer_research/PDBbind/atoms/../PDBbind_Data/P-L/2011-2019/4ayt/4ayt_ligand.mol2,RDKit returned None
/home/noambarenholtz/summer_research/PDBbind/atoms/../PDBbind_Data/P-L/2011-2019/6n83/6n83_ligand.mol2,RDKit returned None
/home/noambarenholtz/summer_research/PDBbind/atoms/../PDBbind_Data/P-L/2011-2019/6n55/6n55_ligand.mol2,RDKit returned None
/home/noambarenholtz/summer_research/PDBbind/atoms/../PDBbind_Data/P-L/2011-2019/6htd/6htd_ligand.mol2,RDKit returned None
/home/noambarenholtz/summer_research/PDBbind/atoms/../PDBbind_Data/P-L/2011-2019/3zi0/3zi0_ligand.mol2,RDKit returned None
/home/noambarenholtz/summer_research/PDBbind/atoms/../PDBbind_Data/P-L/2011-2019/4h5d/4h5d_ligand.mol2,RDKit returned None
/home/noambarenholtz/summer_research/PDBbind/atoms/../PDBbind_Data/P-L/2011-2019/6d19/6d19_ligand.mol2,RDKit returned None
/home/noambarenholtz/summer_research/PDBbind/atoms/../PDBbind_Data/P-L/2011-2019/5a3s/5a3s_ligand.mol2,RDKit returned None
/home/noambarenholtz/summer_research/PDBbind/atoms/../PDBbind_Data/P-L/2011-2019/5vt4/5vt4_ligand.mol2,RDKit returned None
/home/noambarenholtz/summer_research/PDBbind/atoms/../PDBbind_Data/P-L/2011-2019/5ygi/5ygi_ligand.mol2,RDKit returned None
/home/noambarenholtz/summer_research/PDBbind/atoms/../PDBbind_Data/P-L/2011-2019/4u5t/4u5t_ligand.mol2,RDKit returned None
/home/noambarenholtz/summer_research/PDBbind/atoms/../PDBbind_Data/P-L/2011-2019/3rj7/3rj7_ligand.mol2,RDKit returned None
/home/noambarenholtz/summer_research/PDBbind/atoms/../PDBbind_Data/P-L/2011-2019/6d3q/6d3q_ligand.mol2,RDKit returned None
/home/noambarenholtz/summer_research/PDBbind/atoms/../PDBbind_Data/P-L/2011-2019/5jc1/5jc1_ligand.mol2,RDKit returned None
/home/noambarenholtz/summer_research/PDBbind/atoms/../PDBbind_Data/P-L/2011-2019/3wcg/3wcg_ligand.mol2,RDKit returned None
/home/noambarenholtz/summer_research/PDBbind/atoms/../PDBbind_Data/P-L/2011-2019/3p3h/3p3h_ligand.mol2,RDKit returned None
/home/noambarenholtz/summer_research/PDBbind/atoms/../PDBbind_Data/P-L/2011-2019/6apv/6apv_ligand.mol2,RDKit returned None
/home/noambarenholtz/summer_research/PDBbind/atoms/../PDBbind_Data/P-L/2011-2019/6d1b/6d1b_ligand.mol2,RDKit returned None
/home/noambarenholtz/summer_research/PDBbind/atoms/../PDBbind_Data/P-L/2011-2019/4dhm/4dhm_ligand.mol2,RDKit returned None
/home/noambarenholtz/summer_research/PDBbind/atoms/../PDBbind_Data/P-L/2011-2019/3wyj/3wyj_ligand.mol2,RDKit returned None
/home/noambarenholtz/summer_research/PDBbind/atoms/../PDBbind_Data/P-L/2011-2019/5knx/5knx_ligand.mol2,RDKit returned None
/home/noambarenholtz/summer_research/PDBbind/atoms/../PDBbind_Data/P-L/2011-2019/4meo/4meo_ligand.mol2,RDKit returned None
/home/noambarenholtz/summer_research/PDBbind/atoms/../PDBbind_Data/P-L/2011-2019/4y67/4y67_ligand.mol2,RDKit returned None
/home/noambarenholtz/summer_research/PDBbind/atoms/../PDBbind_Data/P-L/2011-2019/2y1d/2y1d_ligand.mol2,RDKit returned None
/home/noambarenholtz/summer_research/PDBbind/atoms/../PDBbind_Data/P-L/2011-2019/3t01/3t01_ligand.mol2,RDKit returned None
/home/noambarenholtz/summer_research/PDBbind/atoms/../PDBbind_Data/P-L/2011-2019/4jit/4jit_ligand.mol2,RDKit returned None
/home/noambarenholtz/summer_research/PDBbind/atoms/../PDBbind_Data/P-L/2011-2019/5f2r/5f2r_ligand.mol2,RDKit returned None
/home/noambarenholtz/summer_research/PDBbind/atoms/../PDBbind_Data/P-L/2011-2019/5jmp/5jmp_ligand.mol2,RDKit returned None
/home/noambarenholtz/summer_research/PDBbind/atoms/../PDBbind_Data/P-L/2011-2019/4rhx/4rhx_ligand.mol2,RDKit returned None
/home/noambarenholtz/summer_research/PDBbind/atoms/../PDBbind_Data/P-L/2011-2019/6d1a/6d1a_ligand.mol2,RDKit returned None
/home/noambarenholtz/summer_research/PDBbind/atoms/../PDBbind_Data/P-L/2011-2019/6g22/6g22_ligand.mol2,RDKit returned None
/home/noambarenholtz/summer_research/PDBbind/atoms/../PDBbind_Data/P-L/2011-2019/6hva/6hva_ligand.mol2,RDKit returned None
/home/noambarenholtz/summer_research/PDBbind/atoms/../PDBbind_Data/P-L/2011-2019/5hh4/5hh4_ligand.mol2,RDKit returned None
/home/noambarenholtz/summer_research/PDBbind/atoms/../PDBbind_Data/P-L/2011-2019/6r4v/6r4v_ligand.mol2,RDKit returned None
/home/noambarenholtz/summer_research/PDBbind/atoms/../PDBbind_Data/P-L/2011-2019/4dhs/4dhs_ligand.mol2,RDKit returned None
/home/noambarenholtz/summer_research/PDBbind/atoms/../PDBbind_Data/P-L/2011-2019/3p3j/3p3j_ligand.mol2,RDKit returned None
/home/noambarenholtz/summer_research/PDBbind/atoms/../PDBbind_Data/P-L/2011-2019/6qfu/6qfu_ligand.mol2,RDKit returned None
/home/noambarenholtz/summer_research/PDBbind/atoms/../PDBbind_Data/P-L/2011-2019/5g1n/5g1n_ligand.mol2,RDKit returned None
/home/noambarenholtz/summer_research/PDBbind/atoms/../PDBbind_Data/P-L/2011-2019/5dhu/5dhu_ligand.mol2,RDKit returned None
/home/noambarenholtz/summer_research/PDBbind/atoms/../PDBbind_Data/P-L/2011-2019/5k51/5k51_ligand.mol2,RDKit returned None
/home/noambarenholtz/summer_research/PDBbind/atoms/../PDBbind_Data/P-L/2011-2019/5brn/5brn_ligand.mol2,RDKit returned None
/home/noambarenholtz/summer_research/PDBbind/atoms/../PDBbind_Data/P-L/2011-2019/4rhy/4rhy_ligand.mol2,RDKit returned None
/home/noambarenholtz/summer_research/PDBbind/atoms/../PDBbind_Data/P-L/2011-2019/5knv/5knv_ligand.mol2,RDKit returned None
/home/noambarenholtz/summer_research/PDBbind/atoms/../PDBbind_Data/P-L/2011-2019/6mlh/6mlh_ligand.mol2,RDKit returned None
/home/noambarenholtz/summer_research/PDBbind/atoms/../PDBbind_Data/P-L/2011-2019/3zhz/3zhz_ligand.mol2,RDKit returned None
/home/noambarenholtz/summer_research/PDBbind/atoms/../PDBbind_Data/P-L/2011-2019/3whw/3whw_ligand.mol2,RDKit returned None
/home/noambarenholtz/summer_research/PDBbind/atoms/../PDBbind_Data/P-L/2011-2019/4h5c/4h5c_ligand.mol2,RDKit returned None
/home/noambarenholtz/summer_research/PDBbind/atoms/../PDBbind_Data/P-L/2011-2019/4jhq/4jhq_ligand.mol2,RDKit returned None
/home/noambarenholtz/summer_research/PDBbind/atoms/../PDBbind_Data/P-L/2011-2019/6n82/6n82_ligand.mol2,RDKit returned None
/home/noambarenholtz/summer_research/PDBbind/atoms/../PDBbind_Data/P-L/2011-2019/3wcf/3wcf_ligand.mol2,RDKit returned None
/home/noambarenholtz/summer_research/PDBbind/atoms/../PDBbind_Data/P-L/2011-2019/4n1z/4n1z_ligand.mol2,RDKit returned None
/home/noambarenholtz/summer_research/PDBbind/atoms/../PDBbind_Data/P-L/2011-2019/6g3q/6g3q_ligand.mol2,RDKit returned None
/home/noambarenholtz/summer_research/PDBbind/atoms/../PDBbind_Data/P-L/2011-2019/6fn9/6fn9_ligand.mol2,RDKit returned None
/home/noambarenholtz/summer_research/PDBbind/atoms/../PDBbind_Data/P-L/2011-2019/5nhz/5nhz_ligand.mol2,RDKit returned None
/home/noambarenholtz/summer_research/PDBbind/atoms/../PDBbind_Data/P-L/2011-2019/5jnl/5jnl_ligand.mol2,RDKit returned None
/home/noambarenholtz/summer_research/PDBbind/atoms/../PDBbind_Data/P-L/2011-2019/3zp9/3zp9_ligand.mol2,RDKit returned None
/home/noambarenholtz/summer_research/PDBbind/atoms/../PDBbind_Data/P-L/2011-2019/4raq/4raq_ligand.mol2,RDKit returned None
/home/noambarenholtz/summer_research/PDBbind/atoms/../PDBbind_Data/P-L/2011-2019/6htr/6htr_ligand.mol2,RDKit returned None
/home/noambarenholtz/summer_research/PDBbind/atoms/../PDBbind_Data/P-L/2011-2019/4i60/4i60_ligand.mol2,RDKit returned None
/home/noambarenholtz/summer_research/PDBbind/atoms/../PDBbind_Data/P-L/2011-2019/5hh5/5hh5_ligand.mol2,RDKit returned None
/home/noambarenholtz/summer_research/PDBbind/atoms/../PDBbind_Data/P-L/2011-2019/6mlw/6mlw_ligand.mol2,RDKit returned None
/home/noambarenholtz/summer_research/PDBbind/atoms/../PDBbind_Data/P-L/2011-2019/3mw1/3mw1_ligand.mol2,RDKit returned None
/home/noambarenholtz/summer_research/PDBbind/atoms/../PDBbind_Data/P-L/2011-2019/5jv1/5jv1_ligand.mol2,RDKit returned None
/home/noambarenholtz/summer_research/PDBbind/atoms/../PDBbind_Data/P-L/2011-2019/4za0/4za0_ligand.mol2,RDKit returned None
/home/noambarenholtz/summer_research/PDBbind/atoms/../PDBbind_Data/P-L/2011-2019/4ijq/4ijq_ligand.mol2,RDKit returned None
/home/noambarenholtz/summer_research/PDBbind/atoms/../PDBbind_Data/P-L/2011-2019/6apt/6apt_ligand.mol2,RDKit returned None
/home/noambarenholtz/summer_research/PDBbind/atoms/../PDBbind_Data/P-L/2011-2019/6g2l/6g2l_ligand.mol2,RDKit returned None
/home/noambarenholtz/summer_research/PDBbind/atoms/../PDBbind_Data/P-L/2011-2019/4uma/4uma_ligand.mol2,RDKit returned None
/home/noambarenholtz/summer_research/PDBbind/atoms/../PDBbind_Data/P-L/2011-2019/5hlm/5hlm_ligand.mol2,RDKit returned None
/home/noambarenholtz/summer_research/PDBbind/atoms/../PDBbind_Data/P-L/2011-2019/4dhq/4dhq_ligand.mol2,RDKit returned None
/home/noambarenholtz/summer_research/PDBbind/atoms/../PDBbind_Data/P-L/2011-2019/5knr/5knr_ligand.mol2,RDKit returned None
/home/noambarenholtz/summer_research/PDBbind/atoms/../PDBbind_Data/P-L/2011-2019/4jfv/4jfv_ligand.mol2,RDKit returned None
/home/noambarenholtz/summer_research/PDBbind/atoms/../PDBbind_Data/P-L/2011-2019/6a73/6a73_ligand.mol2,RDKit returned None
/home/noambarenholtz/summer_research/PDBbind/atoms/../PDBbind_Data/P-L/2011-2019/4inu/4inu_ligand.mol2,RDKit returned None
/home/noambarenholtz/summer_research/PDBbind/atoms/../PDBbind_Data/P-L/2011-2019/5cuu/5cuu_ligand.mol2,RDKit returned None
/home/noambarenholtz/summer_research/PDBbind/atoms/../PDBbind_Data/P-L/2011-2019/5izl/5izl_ligand.mol2,RDKit returned None
/home/noambarenholtz/summer_research/PDBbind/atoms/../PDBbind_Data/P-L/2011-2019/5i23/5i23_ligand.mol2,RDKit returned None
/home/noambarenholtz/summer_research/PDBbind/atoms/../PDBbind_Data/P-L/2011-2019/5kns/5kns_ligand.mol2,RDKit returned None
/home/noambarenholtz/summer_research/PDBbind/atoms/../PDBbind_Data/P-L/2011-2019/5mtv/5mtv_ligand.mol2,RDKit returned None
/home/noambarenholtz/summer_research/PDBbind/atoms/../PDBbind_Data/P-L/2011-2019/4p4s/4p4s_ligand.mol2,RDKit returned None
/home/noambarenholtz/summer_research/PDBbind/atoms/../PDBbind_Data/P-L/2011-2019/5ohj/5ohj_ligand.mol2,RDKit returned None
/home/noambarenholtz/summer_research/PDBbind/atoms/../PDBbind_Data/P-L/2011-2019/5ijj/5ijj_ligand.mol2,RDKit returned None
/home/noambarenholtz/summer_research/PDBbind/atoms/../PDBbind_Data/P-L/2011-2019/3zhx/3zhx_ligand.mol2,RDKit returned None
/home/noambarenholtz/summer_research/PDBbind/atoms/../PDBbind_Data/P-L/2011-2019/5zt1/5zt1_ligand.mol2,RDKit returned None
/home/noambarenholtz/summer_research/PDBbind/atoms/../PDBbind_Data/P-L/2011-2019/6i76/6i76_ligand.mol2,RDKit returned None
/home/noambarenholtz/summer_research/PDBbind/atoms/../PDBbind_Data/P-L/2011-2019/3upy/3upy_ligand.mol2,RDKit returned None
/home/noambarenholtz/summer_research/PDBbind/atoms/../PDBbind_Data/P-L/2011-2019/6aqo/6aqo_ligand.mol2,RDKit returned None
/home/noambarenholtz/summer_research/PDBbind/atoms/../PDBbind_Data/P-L/2011-2019/6ar9/6ar9_ligand.mol2,RDKit returned None
/home/noambarenholtz/summer_research/PDBbind/atoms/../PDBbind_Data/P-L/2011-2019/5ni0/5ni0_ligand.mol2,RDKit returned None
/home/noambarenholtz/summer_research/PDBbind/atoms/../PDBbind_Data/P-L/2011-2019/5el9/5el9_ligand.mol2,RDKit returned None
/home/noambarenholtz/summer_research/PDBbind/atoms/../PDBbind_Data/P-L/2011-2019/3v9b/3v9b_ligand.mol2,RDKit returned None
/home/noambarenholtz/summer_research/PDBbind/atoms/../PDBbind_Data/P-L/2011-2019/6d1g/6d1g_ligand.mol2,RDKit returned None
/home/noambarenholtz/summer_research/PDBbind/atoms/../PDBbind_Data/P-L/2011-2019/6b4h/6b4h_ligand.mol2,RDKit returned None
/home/noambarenholtz/summer_research/PDBbind/atoms/../PDBbind_Data/P-L/2011-2019/4y6r/4y6r_ligand.mol2,RDKit returned None
/home/noambarenholtz/summer_research/PDBbind/atoms/../PDBbind_Data/P-L/2011-2019/5l44/5l44_ligand.mol2,RDKit returned None
/home/noambarenholtz/summer_research/PDBbind/atoms/../PDBbind_Data/P-L/2011-2019/5od5/5od5_ligand.mol2,RDKit returned None
/home/noambarenholtz/summer_research/PDBbind/atoms/../PDBbind_Data/P-L/2011-2019/6d1d/6d1d_ligand.mol2,RDKit returned None
/home/noambarenholtz/summer_research/PDBbind/atoms/../PDBbind_Data/P-L/2011-2019/6hvs/6hvs_ligand.mol2,RDKit returned None
/home/noambarenholtz/summer_research/PDBbind/atoms/../PDBbind_Data/P-L/2011-2019/4lhm/4lhm_ligand.mol2,RDKit returned None
/home/noambarenholtz/summer_research/PDBbind/atoms/../PDBbind_Data/P-L/2011-2019/4dzw/4dzw_ligand.mol2,RDKit returned None
/home/noambarenholtz/summer_research/PDBbind/atoms/../PDBbind_Data/P-L/2011-2019/5jsq/5jsq_ligand.mol2,RDKit returned None
/home/noambarenholtz/summer_research/PDBbind/atoms/../PDBbind_Data/P-L/2011-2019/4wvs/4wvs_ligand.mol2,RDKit returned None
/home/noambarenholtz/summer_research/PDBbind/atoms/../PDBbind_Data/P-L/2011-2019/4rhu/4rhu_ligand.mol2,RDKit returned None
/home/noambarenholtz/summer_research/PDBbind/atoms/../PDBbind_Data/P-L/2011-2019/4gye/4gye_ligand.mol2,RDKit returned None
/home/noambarenholtz/summer_research/PDBbind/atoms/../PDBbind_Data/P-L/2011-2019/3v2w/3v2w_ligand.mol2,RDKit returned None
/home/noambarenholtz/summer_research/PDBbind/atoms/../PDBbind_Data/P-L/2011-2019/4dcv/4dcv_ligand.mol2,RDKit returned None
/home/noambarenholtz/summer_research/PDBbind/atoms/../PDBbind_Data/P-L/2011-2019/4kcx/4kcx_ligand.mol2,RDKit returned None
/home/noambarenholtz/summer_research/PDBbind/atoms/../PDBbind_Data/P-L/2011-2019/5dgm/5dgm_ligand.mol2,RDKit returned None
/home/noambarenholtz/summer_research/PDBbind/atoms/../PDBbind_Data/P-L/2011-2019/4dum/4dum_ligand.mol2,RDKit returned None
/home/noambarenholtz/summer_research/PDBbind/atoms/../PDBbind_Data/P-L/2011-2019/6gu6/6gu6_ligand.mol2,RDKit returned None
/home/noambarenholtz/summer_research/PDBbind/atoms/../PDBbind_Data/P-L/2011-2019/4iaw/4iaw_ligand.mol2,RDKit returned None
/home/noambarenholtz/summer_research/PDBbind/atoms/../PDBbind_Data/P-L/2011-2019/4k10/4k10_ligand.mol2,RDKit returned None
/home/noambarenholtz/summer_research/PDBbind/atoms/../PDBbind_Data/P-L/2011-2019/4d8n/4d8n_ligand.mol2,RDKit returned None
/home/noambarenholtz/summer_research/PDBbind/atoms/../PDBbind_Data/P-L/2011-2019/6d17/6d17_ligand.mol2,RDKit returned None
/home/noambarenholtz/summer_research/PDBbind/atoms/../PDBbind_Data/P-L/2011-2019/5elw/5elw_ligand.mol2,RDKit returned None
/home/noambarenholtz/summer_research/PDBbind/atoms/../PDBbind_Data/P-L/2011-2019/4gzf/4gzf_ligand.mol2,RDKit returned None
/home/noambarenholtz/summer_research/PDBbind/atoms/../PDBbind_Data/P-L/2011-2019/4rad/4rad_ligand.mol2,RDKit returned None
/home/noambarenholtz/summer_research/PDBbind/atoms/../PDBbind_Data/P-L/2011-2019/4xtw/4xtw_ligand.mol2,RDKit returned None
/home/noambarenholtz/summer_research/PDBbind/atoms/../PDBbind_Data/P-L/2011-2019/4y6s/4y6s_ligand.mol2,RDKit returned None
/home/noambarenholtz/summer_research/PDBbind/atoms/../PDBbind_Data/P-L/2011-2019/4rab/4rab_ligand.mol2,RDKit returned None
/home/noambarenholtz/summer_research/PDBbind/atoms/../PDBbind_Data/P-L/2011-2019/4ayx/4ayx_ligand.mol2,RDKit returned None
/home/noambarenholtz/summer_research/PDBbind/atoms/../PDBbind_Data/P-L/2011-2019/3wd2/3wd2_ligand.mol2,RDKit returned None
/home/noambarenholtz/summer_research/PDBbind/atoms/../PDBbind_Data/P-L/2011-2019/3wcb/3wcb_ligand.mol2,RDKit returned None
/home/noambarenholtz/summer_research/PDBbind/atoms/../PDBbind_Data/P-L/2011-2019/6d1k/6d1k_ligand.mol2,RDKit returned None
/home/noambarenholtz/summer_research/PDBbind/atoms/../PDBbind_Data/P-L/2011-2019/4dht/4dht_ligand.mol2,RDKit returned None
/home/noambarenholtz/summer_research/PDBbind/atoms/../PDBbind_Data/P-L/2011-2019/5n6s/5n6s_ligand.mol2,RDKit returned None
/home/noambarenholtz/summer_research/PDBbind/atoms/../PDBbind_Data/P-L/2011-2019/3vjt/3vjt_ligand.mol2,RDKit returned None
/home/noambarenholtz/summer_research/PDBbind/atoms/../PDBbind_Data/P-L/2011-2019/5ijp/5ijp_ligand.mol2,RDKit returned None
/home/noambarenholtz/summer_research/PDBbind/atoms/../PDBbind_Data/P-L/2011-2019/4ran/4ran_ligand.mol2,RDKit returned None
/home/noambarenholtz/summer_research/PDBbind/atoms/../PDBbind_Data/P-L/2011-2019/3ozg/3ozg_ligand.mol2,RDKit returned None
/home/noambarenholtz/summer_research/PDBbind/atoms/../PDBbind_Data/P-L/2011-2019/5bsk/5bsk_ligand.mol2,RDKit returned None
/home/noambarenholtz/summer_research/PDBbind/atoms/../PDBbind_Data/P-L/2011-2019/5jo0/5jo0_ligand.mol2,RDKit returned None
/home/noambarenholtz/summer_research/PDBbind/atoms/../PDBbind_Data/P-L/2011-2019/5jaz/5jaz_ligand.mol2,RDKit returned None
/home/noambarenholtz/summer_research/PDBbind/atoms/../PDBbind_Data/P-L/2011-2019/2lha/2lha_ligand.mol2,RDKit returned None
/home/noambarenholtz/summer_research/PDBbind/atoms/../PDBbind_Data/P-L/2011-2019/4c71/4c71_ligand.mol2,RDKit returned None
/home/noambarenholtz/summer_research/PDBbind/atoms/../PDBbind_Data/P-L/2011-2019/4mvn/4mvn_ligand.mol2,RDKit returned None
/home/noambarenholtz/summer_research/PDBbind/atoms/../PDBbind_Data/P-L/2011-2019/6qfx/6qfx_ligand.mol2,RDKit returned None
/home/noambarenholtz/summer_research/PDBbind/atoms/../PDBbind_Data/P-L/2011-2019/6n54/6n54_ligand.mol2,RDKit returned None
/home/noambarenholtz/summer_research/PDBbind/atoms/../PDBbind_Data/P-L/2011-2019/4pvy/4pvy_ligand.mol2,RDKit returned None
/home/noambarenholtz/summer_research/PDBbind/atoms/../PDBbind_Data/P-L/2011-2019/5knu/5knu_ligand.mol2,RDKit returned None
/home/noambarenholtz/summer_research/PDBbind/atoms/../PDBbind_Data/P-L/2011-2019/6aps/6aps_ligand.mol2,RDKit returned None
/home/noambarenholtz/summer_research/PDBbind/atoms/../PDBbind_Data/P-L/2011-2019/4bzs/4bzs_ligand.mol2,RDKit returned None
/home/noambarenholtz/summer_research/PDBbind/atoms/../PDBbind_Data/P-L/2011-2019/4jfw/4jfw_ligand.mol2,RDKit returned None
/home/noambarenholtz/summer_research/PDBbind/atoms/../PDBbind_Data/P-L/2011-2019/4bcb/4bcb_ligand.mol2,RDKit returned None
/home/noambarenholtz/summer_research/PDBbind/atoms/../PDBbind_Data/P-L/2011-2019/6bu0/6bu0_ligand.mol2,RDKit returned None
/home/noambarenholtz/summer_research/PDBbind/atoms/../PDBbind_Data/P-L/2011-2019/6hvr/6hvr_ligand.mol2,RDKit returned None
/home/noambarenholtz/summer_research/PDBbind/atoms/../PDBbind_Data/P-L/2011-2019/3rbu/3rbu_ligand.mol2,RDKit returned None
/home/noambarenholtz/summer_research/PDBbind/atoms/../PDBbind_Data/P-L/2011-2019/6huc/6huc_ligand.mol2,RDKit returned None
/home/noambarenholtz/summer_research/PDBbind/atoms/../PDBbind_Data/P-L/2011-2019/4w4s/4w4s_ligand.mol2,RDKit returned None
/home/noambarenholtz/summer_research/PDBbind/atoms/../PDBbind_Data/P-L/2011-2019/6of5/6of5_ligand.mol2,RDKit returned None
/home/noambarenholtz/summer_research/PDBbind/atoms/../PDBbind_Data/P-L/2011-2019/6d18/6d18_ligand.mol2,RDKit returned None
/home/noambarenholtz/summer_research/PDBbind/atoms/../PDBbind_Data/P-L/2011-2019/6qfw/6qfw_ligand.mol2,RDKit returned None
/home/noambarenholtz/summer_research/PDBbind/atoms/../PDBbind_Data/P-L/2011-2019/5ael/5ael_ligand.mol2,RDKit returned None
/home/noambarenholtz/summer_research/PDBbind/atoms/../PDBbind_Data/P-L/2011-2019/3p44/3p44_ligand.mol2,RDKit returned None
/home/noambarenholtz/summer_research/PDBbind/atoms/../PDBbind_Data/P-L/2011-2019/5lwe/5lwe_ligand.mol2,RDKit returned None
/home/noambarenholtz/summer_research/PDBbind/atoms/../PDBbind_Data/P-L/2011-2019/4dwg/4dwg_ligand.mol2,RDKit returned None
/home/noambarenholtz/summer_research/PDBbind/atoms/../PDBbind_Data/P-L/2011-2019/4hrd/4hrd_ligand.mol2,RDKit returned None
/home/noambarenholtz/summer_research/PDBbind/atoms/../PDBbind_Data/P-L/2011-2019/5knt/5knt_ligand.mol2,RDKit returned None
/home/noambarenholtz/summer_research/PDBbind/atoms/../PDBbind_Data/P-L/2011-2019/5ovr/5ovr_ligand.mol2,RDKit returned None
/home/noambarenholtz/summer_research/PDBbind/atoms/../PDBbind_Data/P-L/2011-2019/3vjs/3vjs_ligand.mol2,RDKit returned None
/home/noambarenholtz/summer_research/PDBbind/atoms/../PDBbind_Data/P-L/2011-2019/5a3q/5a3q_ligand.mol2,RDKit returned None
/home/noambarenholtz/summer_research/PDBbind/atoms/../PDBbind_Data/P-L/2011-2019/5wjj/5wjj_ligand.mol2,RDKit returned None
/home/noambarenholtz/summer_research/PDBbind/atoms/../PDBbind_Data/P-L/2011-2019/3wqm/3wqm_ligand.mol2,RDKit returned None
/home/noambarenholtz/summer_research/PDBbind/atoms/../PDBbind_Data/P-L/2011-2019/5a3r/5a3r_ligand.mol2,RDKit returned None
/home/noambarenholtz/summer_research/PDBbind/atoms/../PDBbind_Data/P-L/2011-2019/6ssy/6ssy_ligand.mol2,RDKit returned None
/home/noambarenholtz/summer_research/PDBbind/atoms/../PDBbind_Data/P-L/2011-2019/4jls/4jls_ligand.mol2,RDKit returned None
/home/noambarenholtz/summer_research/PDBbind/atoms/../PDBbind_Data/P-L/2011-2019/4dho/4dho_ligand.mol2,RDKit returned None
/home/noambarenholtz/summer_research/PDBbind/atoms/../PDBbind_Data/P-L/2011-2019/5afx/5afx_ligand.mol2,RDKit returned None
/home/noambarenholtz/summer_research/PDBbind/atoms/../PDBbind_Data/P-L/2011-2019/5w8v/5w8v_ligand.mol2,RDKit returned None
/home/noambarenholtz/summer_research/PDBbind/atoms/../PDBbind_Data/P-L/2011-2019/5xw6/5xw6_ligand.mol2,RDKit returned None
/home/noambarenholtz/summer_research/PDBbind/atoms/../PDBbind_Data/P-L/2011-2019/4l2x/4l2x_ligand.mol2,RDKit returned None
/home/noambarenholtz/summer_research/PDBbind/atoms/../PDBbind_Data/P-L/2011-2019/6n7z/6n7z_ligand.mol2,RDKit returned None
/home/noambarenholtz/summer_research/PDBbind/atoms/../PDBbind_Data/P-L/2011-2019/6giu/6giu_ligand.mol2,RDKit returned None
/home/noambarenholtz/summer_research/PDBbind/atoms/../PDBbind_Data/P-L/2011-2019/5jbi/5jbi_ligand.mol2,RDKit returned None
/home/noambarenholtz/summer_research/PDBbind/atoms/../PDBbind_Data/P-L/2011-2019/5juz/5juz_ligand.mol2,RDKit returned None
/home/noambarenholtz/summer_research/PDBbind/atoms/../PDBbind_Data/P-L/2011-2019/4dhu/4dhu_ligand.mol2,RDKit returned None
/home/noambarenholtz/summer_research/PDBbind/atoms/../PDBbind_Data/P-L/2011-2019/4rao/4rao_ligand.mol2,RDKit returned None
/home/noambarenholtz/summer_research/PDBbind/atoms/../PDBbind_Data/P-L/2011-2019/3p55/3p55_ligand.mol2,RDKit returned None
/home/noambarenholtz/summer_research/PDBbind/atoms/../PDBbind_Data/P-L/2011-2019/5klp/5klp_ligand.mol2,RDKit returned None
/home/noambarenholtz/summer_research/PDBbind/atoms/../PDBbind_Data/P-L/2011-2019/6n7y/6n7y_ligand.mol2,RDKit returned None
/home/noambarenholtz/summer_research/PDBbind/atoms/../PDBbind_Data/P-L/2011-2019/4rxc/4rxc_ligand.mol2,RDKit returned None
/home/noambarenholtz/summer_research/PDBbind/atoms/../PDBbind_Data/P-L/2011-2019/6n53/6n53_ligand.mol2,RDKit returned None
/home/noambarenholtz/summer_research/PDBbind/atoms/../PDBbind_Data/P-L/2011-2019/6qfv/6qfv_ligand.mol2,RDKit returned None
/home/noambarenholtz/summer_research/PDBbind/atoms/../PDBbind_Data/P-L/2011-2019/4ga3/4ga3_ligand.mol2,RDKit returned None
/home/noambarenholtz/summer_research/PDBbind/atoms/../PDBbind_Data/P-L/2011-2019/5tv1/5tv1_ligand.mol2,RDKit returned None
/home/noambarenholtz/summer_research/PDBbind/atoms/../PDBbind_Data/P-L/2011-2019/4lph/4lph_ligand.mol2,RDKit returned None
/home/noambarenholtz/summer_research/PDBbind/atoms/../PDBbind_Data/P-L/2011-2019/6hub/6hub_ligand.mol2,RDKit returned None
/home/noambarenholtz/summer_research/PDBbind/atoms/../PDBbind_Data/P-L/2011-2019/3r0i/3r0i_ligand.mol2,RDKit returned None
/home/noambarenholtz/summer_research/PDBbind/atoms/../PDBbind_Data/P-L/2011-2019/4dem/4dem_ligand.mol2,RDKit returned None
/home/noambarenholtz/summer_research/PDBbind/atoms/../PDBbind_Data/P-L/2011-2019/5jv2/5jv2_ligand.mol2,RDKit returned None
/home/noambarenholtz/summer_research/PDBbind/atoms/../PDBbind_Data/P-L/2011-2019/5zlf/5zlf_ligand.mol2,RDKit returned None
/home/noambarenholtz/summer_research/PDBbind/atoms/../PDBbind_Data/P-L/2011-2019/6g2m/6g2m_ligand.mol2,RDKit returned None
/home/noambarenholtz/summer_research/PDBbind/atoms/../PDBbind_Data/P-L/2011-2019/6cus/6cus_ligand.mol2,RDKit returned None
/home/noambarenholtz/summer_research/PDBbind/atoms/../PDBbind_Data/P-L/2011-2019/4zcw/4zcw_ligand.mol2,RDKit returned None
/home/noambarenholtz/summer_research/PDBbind/atoms/../PDBbind_Data/P-L/2011-2019/4nzn/4nzn_ligand.mol2,RDKit returned None
/home/noambarenholtz/summer_research/PDBbind/atoms/../PDBbind_Data/P-L/2011-2019/5dhs/5dhs_ligand.mol2,RDKit returned None
/home/noambarenholtz/summer_research/PDBbind/atoms/../PDBbind_Data/P-L/2011-2019/4rac/4rac_ligand.mol2,RDKit returned None
/home/noambarenholtz/summer_research/PDBbind/atoms/../PDBbind_Data/P-L/2011-2019/5wzw/5wzw_ligand.mol2,RDKit returned None
/home/noambarenholtz/summer_research/PDBbind/atoms/../PDBbind_Data/P-L/2011-2019/5vsj/5vsj_ligand.mol2,RDKit returned None
/home/noambarenholtz/summer_research/PDBbind/atoms/../PDBbind_Data/P-L/2011-2019/4e1e/4e1e_ligand.mol2,RDKit returned None
/home/noambarenholtz/summer_research/PDBbind/atoms/../PDBbind_Data/P-L/2011-2019/6g2n/6g2n_ligand.mol2,RDKit returned None
/home/noambarenholtz/summer_research/PDBbind/atoms/../PDBbind_Data/P-L/2011-2019/4jvj/4jvj_ligand.mol2,RDKit returned None
/home/noambarenholtz/summer_research/PDBbind/atoms/../PDBbind_Data/P-L/1981-2000/1els/1els_ligand.mol2,RDKit returned None
/home/noambarenholtz/summer_research/PDBbind/atoms/../PDBbind_Data/P-L/1981-2000/1sqc/1sqc_ligand.mol2,RDKit returned None
/home/noambarenholtz/summer_research/PDBbind/atoms/../PDBbind_Data/P-L/1981-2000/1d09/1d09_ligand.mol2,RDKit returned None
/home/noambarenholtz/summer_research/PDBbind/atoms/../PDBbind_Data/P-L/1981-2000/4aig/4aig_ligand.mol2,RDKit returned None
/home/noambarenholtz/summer_research/PDBbind/atoms/../PDBbind_Data/P-L/1981-2000/1db4/1db4_ligand.mol2,RDKit returned None
/home/noambarenholtz/summer_research/PDBbind/atoms/../PDBbind_Data/P-L/1981-2000/1epq/1epq_ligand.mol2,RDKit returned None
/home/noambarenholtz/summer_research/PDBbind/atoms/../PDBbind_Data/P-L/1981-2000/5tmp/5tmp_ligand.mol2,RDKit returned None
/home/noambarenholtz/summer_research/PDBbind/atoms/../PDBbind_Data/P-L/1981-2000/1c29/1c29_ligand.mol2,RDKit returned None
/home/noambarenholtz/summer_research/PDBbind/atoms/../PDBbind_Data/P-L/1981-2000/1tyr/1tyr_ligand.mol2,RDKit returned None
/home/noambarenholtz/summer_research/PDBbind/atoms/../PDBbind_Data/P-L/1981-2000/3at1/3at1_ligand.mol2,RDKit returned None
/home/noambarenholtz/summer_research/PDBbind/atoms/../PDBbind_Data/P-L/1981-2000/1c8v/1c8v_ligand.mol2,RDKit returned None
/home/noambarenholtz/summer_research/PDBbind/atoms/../PDBbind_Data/P-L/1981-2000/1tsi/1tsi_ligand.mol2,RDKit returned None
/home/noambarenholtz/summer_research/PDBbind/atoms/../PDBbind_Data/P-L/1981-2000/1zzz/1zzz_ligand.mol2,RDKit returned None
/home/noambarenholtz/summer_research/PDBbind/atoms/../PDBbind_Data/P-L/2001-2010/2z78/2z78_ligand.mol2,RDKit returned None
/home/noambarenholtz/summer_research/PDBbind/atoms/../PDBbind_Data/P-L/2001-2010/3fy0/3fy0_ligand.mol2,RDKit returned None
/home/noambarenholtz/summer_research/PDBbind/atoms/../PDBbind_Data/P-L/2001-2010/2vr0/2vr0_ligand.mol2,RDKit returned None
/home/noambarenholtz/summer_research/PDBbind/atoms/../PDBbind_Data/P-L/2001-2010/3gep/3gep_ligand.mol2,RDKit returned None
/home/noambarenholtz/summer_research/PDBbind/atoms/../PDBbind_Data/P-L/2001-2010/2p1c/2p1c_ligand.mol2,RDKit returned None
/home/noambarenholtz/summer_research/PDBbind/atoms/../PDBbind_Data/P-L/2001-2010/1t1s/1t1s_ligand.mol2,RDKit returned None
/home/noambarenholtz/summer_research/PDBbind/atoms/../PDBbind_Data/P-L/2001-2010/3a1e/3a1e_ligand.mol2,RDKit returned None
/home/noambarenholtz/summer_research/PDBbind/atoms/../PDBbind_Data/P-L/2001-2010/3nok/3nok_ligand.mol2,RDKit returned None
/home/noambarenholtz/summer_research/PDBbind/atoms/../PDBbind_Data/P-L/2001-2010/2z50/2z50_ligand.mol2,RDKit returned None
/home/noambarenholtz/summer_research/PDBbind/atoms/../PDBbind_Data/P-L/2001-2010/1sl3/1sl3_ligand.mol2,RDKit returned None
/home/noambarenholtz/summer_research/PDBbind/atoms/../PDBbind_Data/P-L/2001-2010/2e93/2e93_ligand.mol2,RDKit returned None
/home/noambarenholtz/summer_research/PDBbind/atoms/../PDBbind_Data/P-L/2001-2010/1ksn/1ksn_ligand.mol2,RDKit returned None
/home/noambarenholtz/summer_research/PDBbind/atoms/../PDBbind_Data/P-L/2001-2010/2z4w/2z4w_ligand.mol2,RDKit returned None
/home/noambarenholtz/summer_research/PDBbind/atoms/../PDBbind_Data/P-L/2001-2010/2zcr/2zcr_ligand.mol2,RDKit returned None
/home/noambarenholtz/summer_research/PDBbind/atoms/../PDBbind_Data/P-L/2001-2010/1lv8/1lv8_ligand.mol2,RDKit returned None
/home/noambarenholtz/summer_research/PDBbind/atoms/../PDBbind_Data/P-L/2001-2010/3d4f/3d4f_ligand.mol2,RDKit returned None
/home/noambarenholtz/summer_research/PDBbind/atoms/../PDBbind_Data/P-L/2001-2010/3cst/3cst_ligand.mol2,RDKit returned None
/home/noambarenholtz/summer_research/PDBbind/atoms/../PDBbind_Data/P-L/2001-2010/2ptz/2ptz_ligand.mol2,RDKit returned None
/home/noambarenholtz/summer_research/PDBbind/atoms/../PDBbind_Data/P-L/2001-2010/3m1s/3m1s_ligand.mol2,RDKit returned None
/home/noambarenholtz/summer_research/PDBbind/atoms/../PDBbind_Data/P-L/2001-2010/1q6p/1q6p_ligand.mol2,RDKit returned None
/home/noambarenholtz/summer_research/PDBbind/atoms/../PDBbind_Data/P-L/2001-2010/2fm5/2fm5_ligand.mol2,RDKit returned None
/home/noambarenholtz/summer_research/PDBbind/atoms/../PDBbind_Data/P-L/2001-2010/3lxg/3lxg_ligand.mol2,RDKit returned None
/home/noambarenholtz/summer_research/PDBbind/atoms/../PDBbind_Data/P-L/2001-2010/2zyb/2zyb_ligand.mol2,RDKit returned None
/home/noambarenholtz/summer_research/PDBbind/atoms/../PDBbind_Data/P-L/2001-2010/1m0o/1m0o_ligand.mol2,RDKit returned None
/home/noambarenholtz/summer_research/PDBbind/atoms/../PDBbind_Data/P-L/2001-2010/2zcs/2zcs_ligand.mol2,RDKit returned None
/home/noambarenholtz/summer_research/PDBbind/atoms/../PDBbind_Data/P-L/2001-2010/1yq7/1yq7_ligand.mol2,RDKit returned None
/home/noambarenholtz/summer_research/PDBbind/atoms/../PDBbind_Data/P-L/2001-2010/3bwf/3bwf_ligand.mol2,RDKit returned None
/home/noambarenholtz/summer_research/PDBbind/atoms/../PDBbind_Data/P-L/2001-2010/2e95/2e95_ligand.mol2,RDKit returned None
/home/noambarenholtz/summer_research/PDBbind/atoms/../PDBbind_Data/P-L/2001-2010/3ldw/3ldw_ligand.mol2,RDKit returned None
/home/noambarenholtz/summer_research/PDBbind/atoms/../PDBbind_Data/P-L/2001-2010/2z7i/2z7i_ligand.mol2,RDKit returned None
/home/noambarenholtz/summer_research/PDBbind/atoms/../PDBbind_Data/P-L/2001-2010/1i5d/1i5d_ligand.mol2,RDKit returned None
/home/noambarenholtz/summer_research/PDBbind/atoms/../PDBbind_Data/P-L/2001-2010/1q95/1q95_ligand.mol2,RDKit returned None
/home/noambarenholtz/summer_research/PDBbind/atoms/../PDBbind_Data/P-L/2001-2010/3o8g/3o8g_ligand.mol2,RDKit returned None
/home/noambarenholtz/summer_research/PDBbind/atoms/../PDBbind_Data/P-L/2001-2010/1w2h/1w2h_ligand.mol2,RDKit returned None
/home/noambarenholtz/summer_research/PDBbind/atoms/../PDBbind_Data/P-L/2001-2010/2e94/2e94_ligand.mol2,RDKit returned None
/home/noambarenholtz/summer_research/PDBbind/atoms/../PDBbind_Data/P-L/2001-2010/2ipo/2ipo_ligand.mol2,RDKit returned None
/home/noambarenholtz/summer_research/PDBbind/atoms/../PDBbind_Data/P-L/2001-2010/2zcq/2zcq_ligand.mol2,RDKit returned None
/home/noambarenholtz/summer_research/PDBbind/atoms/../PDBbind_Data/P-L/2001-2010/2xhm/2xhm_ligand.mol2,RDKit returned None
/home/noambarenholtz/summer_research/PDBbind/atoms/../PDBbind_Data/P-L/2001-2010/1i41/1i41_ligand.mol2,RDKit returned None
/home/noambarenholtz/summer_research/PDBbind/atoms/../PDBbind_Data/P-L/2001-2010/1zvx/1zvx_ligand.mol2,RDKit returned None
/home/noambarenholtz/summer_research/PDBbind/atoms/../PDBbind_Data/P-L/2001-2010/3ip8/3ip8_ligand.mol2,RDKit returned None
/home/noambarenholtz/summer_research/PDBbind/atoms/../PDBbind_Data/P-L/2001-2010/2jld/2jld_ligand.mol2,RDKit returned None
/home/noambarenholtz/summer_research/PDBbind/atoms/../PDBbind_Data/P-L/2001-2010/3eor/3eor_ligand.mol2,RDKit returned None
/home/noambarenholtz/summer_research/PDBbind/atoms/../PDBbind_Data/P-L/2001-2010/1oay/1oay_ligand.mol2,RDKit returned None
/home/noambarenholtz/summer_research/PDBbind/atoms/../PDBbind_Data/P-L/2001-2010/1ms0/1ms0_ligand.mol2,RDKit returned None
/home/noambarenholtz/summer_research/PDBbind/atoms/../PDBbind_Data/P-L/2001-2010/3ggc/3ggc_ligand.mol2,RDKit returned None
/home/noambarenholtz/summer_research/PDBbind/atoms/../PDBbind_Data/P-L/2001-2010/2e98/2e98_ligand.mol2,RDKit returned None
/home/noambarenholtz/summer_research/PDBbind/atoms/../PDBbind_Data/P-L/2001-2010/3ksl/3ksl_ligand.mol2,RDKit returned None
/home/noambarenholtz/summer_research/PDBbind/atoms/../PDBbind_Data/P-L/2001-2010/1mue/1mue_ligand.mol2,RDKit returned None
/home/noambarenholtz/summer_research/PDBbind/atoms/../PDBbind_Data/P-L/2001-2010/1lvu/1lvu_ligand.mol2,RDKit returned None
/home/noambarenholtz/summer_research/PDBbind/atoms/../PDBbind_Data/P-L/2001-2010/2pvw/2pvw_ligand.mol2,RDKit returned None
/home/noambarenholtz/summer_research/PDBbind/atoms/../PDBbind_Data/P-L/2001-2010/2q2n/2q2n_ligand.mol2,RDKit returned None
/home/noambarenholtz/summer_research/PDBbind/atoms/../PDBbind_Data/P-L/2001-2010/2vf6/2vf6_ligand.mol2,RDKit returned None
/home/noambarenholtz/summer_research/PDBbind/atoms/../PDBbind_Data/P-L/2001-2010/2pll/2pll_ligand.mol2,RDKit returned None
/home/noambarenholtz/summer_research/PDBbind/atoms/../PDBbind_Data/P-L/2001-2010/2bdf/2bdf_ligand.mol2,RDKit returned None
/home/noambarenholtz/summer_research/PDBbind/atoms/../PDBbind_Data/P-L/2001-2010/1t1r/1t1r_ligand.mol2,RDKit returned None
/home/noambarenholtz/summer_research/PDBbind/atoms/../PDBbind_Data/P-L/2001-2010/1kf0/1kf0_ligand.mol2,RDKit returned None
/home/noambarenholtz/summer_research/PDBbind/atoms/../PDBbind_Data/P-L/2001-2010/2q95/2q95_ligand.mol2,RDKit returned None
/home/noambarenholtz/summer_research/PDBbind/atoms/../PDBbind_Data/P-L/2001-2010/3ggj/3ggj_ligand.mol2,RDKit returned None
/home/noambarenholtz/summer_research/PDBbind/atoms/../PDBbind_Data/P-L/2001-2010/3a1c/3a1c_ligand.mol2,RDKit returned None
/home/noambarenholtz/summer_research/PDBbind/atoms/../PDBbind_Data/P-L/2001-2010/2xgs/2xgs_ligand.mol2,RDKit returned None
/home/noambarenholtz/summer_research/PDBbind/atoms/../PDBbind_Data/P-L/2001-2010/2eep/2eep_ligand.mol2,RDKit returned None
/home/noambarenholtz/summer_research/PDBbind/atoms/../PDBbind_Data/P-L/2001-2010/1s5z/1s5z_ligand.mol2,RDKit returned None
/home/noambarenholtz/summer_research/PDBbind/atoms/../PDBbind_Data/P-L/2001-2010/3e63/3e63_ligand.mol2,RDKit returned None
/home/noambarenholtz/summer_research/PDBbind/atoms/../PDBbind_Data/P-L/2001-2010/1wc1/1wc1_ligand.mol2,RDKit returned None
/home/noambarenholtz/summer_research/PDBbind/atoms/../PDBbind_Data/P-L/2001-2010/2f89/2f89_ligand.mol2,RDKit returned None
/home/noambarenholtz/summer_research/PDBbind/atoms/../PDBbind_Data/P-L/2001-2010/2fm0/2fm0_ligand.mol2,RDKit returned None
/home/noambarenholtz/summer_research/PDBbind/atoms/../PDBbind_Data/P-L/2001-2010/1m0n/1m0n_ligand.mol2,RDKit returned None
/home/noambarenholtz/summer_research/PDBbind/atoms/../PDBbind_Data/P-L/2001-2010/2h3e/2h3e_ligand.mol2,RDKit returned None
/home/noambarenholtz/summer_research/PDBbind/atoms/../PDBbind_Data/P-L/2001-2010/2e91/2e91_ligand.mol2,RDKit returned None
/home/noambarenholtz/summer_research/PDBbind/atoms/../PDBbind_Data/P-L/2001-2010/2e92/2e92_ligand.mol2,RDKit returned None
/home/noambarenholtz/summer_research/PDBbind/atoms/../PDBbind_Data/P-L/2001-2010/2xup/2xup_ligand.mol2,RDKit returned None
/home/noambarenholtz/summer_research/PDBbind/atoms/../PDBbind_Data/P-L/2001-2010/2z7h/2z7h_ligand.mol2,RDKit returned None
/home/noambarenholtz/summer_research/PDBbind/atoms/../PDBbind_Data/P-L/2001-2010/2rkd/2rkd_ligand.mol2,RDKit returned None
Total failed,313
